id,replies
,"RT @KatyCharts: Highest-Paid women this decade according to the Forbes Annual List:

1. @taylorswift13 ‚Äî $825M
2. @Beyonce ‚Äî $713M
3. @katy‚Ä¶"
,RT @Elodie0DC: @LittleMix #BounceBack @TiniStoessel #SadSong @taylorswift13 #YNTCD @_ruggero #Probablemente @ShawnMendes #Senorita @Sebasti‚Ä¶
,@LittleMix #BounceBack @TiniStoessel #SadSong @taylorswift13 #YNTCD @_ruggero #Probablemente @ShawnMendes #Senorita‚Ä¶ https://t.co/msYFPSamEs
,RT @hotnroulette: My #TeenChoice for #ChoiceSummerFemaleArtist is @katyperry. https://t.co/zlN6Rs512p
,RT @KPIsOurQueen: My #TeenChoice for #ChoiceSummerFemaleArtist is @katyperry https://t.co/cTMnZ6KNVt
,"RT @TheKPVotes: || STATS #TeenChoice ||
(#ChoiceSummerFemaleArtist) 

#1. @katyperry - 58.9k (+52.1k votos)

#2. Taylor Swift - 10.3k (+5.2‚Ä¶"
,"RT @TheKPVotes: How many RETWEETS can Katy Perry get?

My #TeenChoice for #ChoiceSummerFemaleArtist is @katyperry https://t.co/jxMG5tReaC"
,RT @JuanPabloAA1: @TeenChoiceFOX My #TeenChoice for #ChoiceSummerFemaleArtist is @katyperry
,RT @Katymysweetie: My #TeenChoice for #ChoiceSummerFemaleArtist is @katyperry
,"RT @TheKPVotes: ‚ñ™ 100 RTs = 100 VOTOS ‚ñ™

My #TeenChoice for #ChoiceSummerFemaleArtist is @katyperry https://t.co/59aF8EbYal"
,RT @Katymysweetie: @katys_rhythm @katyperry My #TeenChoice for #ChoiceSummerFemaleArtist is @katyperry
,"RT @Ismael31050131: RETWEET! RETWEET! and stream Never Really Over 
My #TeenChoice for #ChoiceSummerFemaleArtist is @katyperry https://t.co‚Ä¶"
,RT @SasatoreS: My #TeenChoice for #ChoiceSummerFemaleArtist is @katyperry https://t.co/QckEmiUhTp https://t.co/HFzhdLp1C2
,"RT @TopMUniverse: Highest-Paid women this decade according to the Forbes Annual List:

1. @taylorswift13 ‚Äî $825M
2. @Beyonce ‚Äî $713M
3. @ka‚Ä¶"
,"RT @FehmillsBorges: Quero bastante RT aqui, vamos nos esfor√ßar para a Katy ser premiada. Ela merece

My #TeenChoice for #ChoiceSummerFemale‚Ä¶"
,"RT @FehmillsBorges: META : DEZ RTs

My #TeenChoice for #ChoiceSummerFemaleArtist is @katyperry"
,"RT @SuporteKp_Midia: Segundo a Forbes, a ‚ÄòWitness: The Tour‚Äô arrecadou 117 milh√µes de d√≥lares em 115 shows realizados nos 5 continentes.‚Ä¶"
,"RT @lovelightperry: Forbes‚Äô Top 4 Highest Paid Female Musicians 2019:

1. Taylor Swift ‚Äì $185M
2. Beyonc√© ‚Äì $81M
3. Rihanna ‚Äì $62M
4. Katy‚Ä¶"
,"RT @CebadaBarranco: RT TO VOTE FOR KATY!‚ù£Ô∏è

My #TeenChoice for #ChoiceSummerFemaleArtist is @katyperry https://t.co/yqQCucIArn"
,RT @katyperrycoven: My #TeenChoice for #ChoiceSummerFemaleArtist is @katyperry üåöüôåüèº https://t.co/6Un2V0vpgd
,RT @Jou_Lucio9: My #TeenChoice for #ChoiceSummerFemaleArtist is @katyperry
,"RT @KatyCharts: Goals: 600 RTs and 500 replys with the hashtags.

My #TeenChoice for #ChoiceSummerFemaleArtist is @katyperry https://t.co/J‚Ä¶"
,RT @JouLucio: My #TeenChoice for #ChoiceSummerFemaleArtist is @katyperry
,RT @DanielMsPuerta1: My #TeenChoice for #ChoiceSummerFemaleArtist is @katyperry a
,"RT @EnriqueKpMon: COMPLETE THE MUSIC:

N - 5 RT's
E - 10 RT's
V - 15 RT's
E - 20 RT's
R - 25 RT's

R - 30 RT's
E - 35 RT's
A - 40 RT's
L -‚Ä¶"
,RT @Mariand_2001: @KATYPERRYWRLD @fishingperry @katyperry My #TeenChoice for #ChoiceSummerFemaleArtist is @katyperry
,"RT @TheKPVotes: 1 RT = 1 VOTO

10 RTs = 10 VOTOS

100 RTs = 100 VOTOS

My #TeenChoice for #ChoiceSummerFemaleArtist is @katyperry https://t‚Ä¶"
,RT @lim_vitra: @KATYPERRYWRLD @Perryzmatic @katyperry ‚ù§Ô∏è‚ù§Ô∏è‚ù§Ô∏è My #TeenChoice for #ChoiceSummerFemaleArtist is @katyperry
,"RT @TheKPVotes: AND YOU'RE GONNA HEAR ME ROAR

My #TeenChoice for #ChoiceSummerFemaleArtist is @katyperry 
https://t.co/hTYk9FnTUi"
,"RT @KATYPERRYWRLD: Katy Perry es la 3¬∞artista femenina mejor pagada de la d√©cada, con un total de $517.5 MILLONES.

Este a√±o fue la 4¬∞ arti‚Ä¶"
,"RT @TheKPVotes: COMPLETA EL NOMBRE:

K = 15 RTs
A = 30 RTs
T = 45 RTs
Y = 60 RTs

P = 75 RTs
E = 90 RTs
R = 105 RTs
R = 120 RTs
Y = 135 RTs‚Ä¶"
,"RT @TheKPVotes: RT = VOTO

My #TeenChoice for #ChoiceSummerFemaleArtist is @katyperry https://t.co/QGX7mCSFt6"
,"RT @TheKPVotes: Las palabras que m√°s se repiten en cada √°lbum de Katy Perry

My #TeenChoice for #ChoiceSummerFemaleArtist is @katyperry htt‚Ä¶"
,"RT @alejand43933367: RT = VOTE
My #TeenChoice for #ChoiceSummerFemaleArtist is @katyperry https://t.co/VxT7wz0xGG https://t.co/06DAAEVrkc"
,"RT @TheKPVotes: ESTO ES PODEROSO, ESTO ES M√ÅGICO

Katy Perry cantando Wide Awake frente a m√°s de 40,000 personas en Corea del sur!

My #Tee‚Ä¶"
,"RT @CebadaBarranco: My #TeenChoice for #ChoiceSummerFemaleArtist is @katyperry. 

Goal: 150 replies using the hashtags! https://t.co/7g1Pgb‚Ä¶"
,"RT @TheKPVotes: Si eres KatyCat, y no sabes que suced√≠a en este momento, REALMENTE LO ERES?

My #TeenChoice for #ChoiceSummerFemaleArtist i‚Ä¶"
,RT @unciornie: @updatekatys @cauemarques70 @TChartSwift @BeyonceOnChart @chartsbeyoncebr @taylorchart13 My #TeenChoice for #ChoiceSummerFem‚Ä¶
,RT @marcelofser: @updatekatys @TChartSwift @BeyonceOnChart @chartsbeyoncebr @taylorchart13 Legendsssss My #TeenChoice for #ChoiceSummerFema‚Ä¶
,"RT @TheKPVotes: META 1/? 

‚Ä¢ 30 retweets y 5 respuestas ‚Ä¢

My #TeenChoice for #ChoiceSummerFemaleArtist is @katyperry https://t.co/9pDoYERH‚Ä¶"
,"RT @TheKPVotes: Nuestro GAP esta disminuyendo a un ritmo preocupante!!

Cita, responde y da retweet a este tweet AHORAAAA. MANTENGAMOS NUES‚Ä¶"
,"RT @TheKPVotes: ¬øRecuerdan de a que presentaci√≥n pertenece esta fotograf√≠a?

My #TeenChoice for #ChoiceSummerFemaleArtist is @katyperry htt‚Ä¶"
,"RT @TheKPVotes: ""Si tienes un sue√±o, tienes que hacer un viaje para cumplir ese sue√±o.""
¬†
- Katy Perry

My #TeenChoice for #ChoiceSummerFem‚Ä¶"
1148413117971537921,@needyjensoo @MileyCyrus
,RT @MileyCyrus: Keepin it casual https://t.co/Vlyp9bOKGC
,RT @MileyCyrus: https://t.co/VIGLIdGJIG
,"RT @miquelachudy: for a culture of people who thinks it‚Äôs cute to not drink water and instead live on ice coffee, who smoke juuls all day,‚Ä¶"
,Just finished watching the black mirror episode with @MileyCyrus and I have to say it was outstanding!!! Best black mirror episode ever!
1149080651833978882,@MikeAdamOnAir @New1027 @Radiodotcom @MileyCyrus Thank You!
1149080651833978882,@MikeAdamOnAir @New1027 @Radiodotcom @MileyCyrus ‚ù§Ô∏è‚ù§Ô∏è‚ù§Ô∏è‚ù§Ô∏è
,RT @MileyCyrus: https://t.co/eTqHXj3Tgx https://t.co/BfcNCk23k1
,"RT @daahmom: This man is serving God, giving dignity and a proper burial to discarded aborted babies. 

Do they look like ‚Äúclumps of cells‚Äù‚Ä¶"
,"RT @MikeAdamOnAir: #Smilers, I see you! #MothersDaughter by #MileyCyrus coming your way in just under 10 mins. on @New1027!!! Listen in whe‚Ä¶"
,RT @MileyCyrus: https://t.co/T7Y8kElIbd
,RT @New1027: doooone. gonna play the latest from @MileyCyrus for you before 6:30! Tune in! ~@MikeAdamOnAir https://t.co/6LnI8b3GpX
,"RT @vmas: We'll never stop obsessing over @MileyCyrus...

Let's look back at how her career began üëë‚ú® https://t.co/jp2HbQUUBR"
1149069318115733504,@MCyrusArgentina @LuliBeade @fast_animals @MileyCyrus @MileyOfficial Okey negri lo har√© en tu honor ‚ú®
,"üåé Apple Music Album Chart update:
16.- SHE IS COMING by @MileyCyrus (-3) {-518 pts.} 
[41 days|peak #12]‚Ä¶ https://t.co/KOT2krJSEr"
,This is my lock screen üòç #mileycyrus #mothersdaughteroutnow https://t.co/HsgYZpfqkE
,"RT @aaronphilipxo: swish swish, motherfucker! 

#MOTHERSDAUGHTER @MileyCyrus &lt;3 https://t.co/J73TILaZVB"
,RT @Elodie0DC: #DemiLovato #TheVamps #ShawnMendes #OneDirection #BTS #SelenaGomez #CNCO #5SOS #JustinBieber #JonasBrothers #ArianaGrande #F‚Ä¶
,#DemiLovato #TheVamps #ShawnMendes #OneDirection #BTS #SelenaGomez #CNCO #5SOS #JustinBieber #JonasBrothers‚Ä¶ https://t.co/Szp8y7z4K8
1149080968000659457,"@selenavergonha @MileyCyrus @MileyOfficial Apenas da Vogue Germany, era para ela ter sido em 2013 na edi√ß√£o de Sete‚Ä¶ https://t.co/8zGk0lPIVE"
1149064089466916864,@LorenaTrejo @MileyCyrus I‚Äôm sorri bbgirl ü•∫
1149080968000659457,"@selenavergonha @chartsmcyrus @MileyCyrus @MileyOfficial She‚Äôs never been vogue US, they had an issue with her afte‚Ä¶ https://t.co/JCutEilehJ"
,RT @DannyCrafts94: On a Roll - Ashley O Parody https://t.co/ArgrlPI22I via @YouTube #AshleyO #BlackMirror #OnaRoll #Netflix #MileyCyrus
,RT @liamhemsnewss: #news @LiamHemsworth and @MileyCyrus new house. The recently married duo‚Äôs two-acre property home featured two levels wi‚Ä¶
,"üåé Apple Music Song Chart update:
34.- Mother's Daughter by @MileyCyrus (-1) {-98 pts.} 
[41 days|peak #12]‚Ä¶ https://t.co/KHFzS53mXH"
,.@MileyCyrus dla Magazynu ELLE! https://t.co/lDxJIhXBww
,RT MpaExtreme #LadyGaga #KCAMexico
,RT sofiame98453673 #LadyGaga #KCAMexico
,RT PendenceInde #LadyGaga #KCAMexico
,RT donnonsasac56 #LadyGaga #KCAMexico
,RT WhipAcquisition #LadyGaga #KCAMexico
,RT mitningtiostit8 #LadyGaga #KCAMexico
,RT caroylnbadawi8 #LadyGaga #KCAMexico
,RT kristinesample4 #LadyGaga #KCAMexico
,RT edgourmogui50 #LadyGaga #KCAMexico
,RT miranda65122854 #LadyGaga #KCAMexico
,"RT @hauslabs: ""I'm so grateful that makeup inspired a bravery in me I didn't know I had."" - @ladygaga https://t.co/Id4Xcq3lIx"
,RT RT MpaExtreme #LadyGaga #KCAMexico
,RT RT sofiame98453673 #LadyGaga #KCAMexico
,RT RT PendenceInde #LadyGaga #KCAMexico
,RT RT donnonsasac56 #LadyGaga #KCAMexico
,RT RT WhipAcquisition #LadyGaga #KCAMexico
,RT RT mitningtiostit8 #LadyGaga #KCAMexico
,RT RT caroylnbadawi8 #LadyGaga #KCAMexico
,RT RT kristinesample4 #LadyGaga #KCAMexico
,RT RT edgourmogui50 #LadyGaga #KCAMexico
,RT RT miranda65122854 #LadyGaga #KCAMexico
1141373467637325824,@AY_ARTPOP @ladygaga For me it's the best live performance to this song
,RT @gaganotify: .@ladygaga via Instagram. (2/2) https://t.co/JEBFiEn78y
,RT @gaganotify: .@ladygaga via Instagram. (1/2) https://t.co/lykwwbfNnJ
,@ladygaga @GagaLisa633 https://t.co/aAvymSPxTt
,RT @BarackObama: Proud to rep America‚Äôs best team! Congrats @USWNT and thanks for being such a strong inspiration for women and girls‚Äîand e‚Ä¶
1148950281444630528,@DemocracyFight4 @BarackObama @USWNT he bombed more brown people than Bush did and allowed the NSA to spy on Americans.
,RT @FindingAmerica2: @EtteTrump @mel_faith1 Kinda like the hateful politicians like mad @RepMaxineWaters @KamalaHarris @BarackObama . The c‚Ä¶
,"RT @BarackObama: The @ObamaFoundation is helping a new generation of leaders make their mark, and there‚Äôs an extraordinary group gathering‚Ä¶"
1148940273411661824,@BarackObama @USNavyMomPA @USWNT You‚Äôve just gone and pissed off Donnie again!üôÑüôÑüôÑüôÑü§£ü§£ü§£üòÇüòÇüòÇüòÖüòÇ
1149031826020810761,@Genuine30005 @DemocracyFight4 @BarackObama @USWNT You mean the Obama that is against gay marriage?
1148950281444630528,@DemocracyFight4 @BarackObama @USWNT https://t.co/NfBvHKH7zT
,Why you took Michelle‚Äôs jersey? https://t.co/ymieoP0ByZ
,"RT @BarackObama: ""No one is born hating another person because of the color of his skin or his background or his religion..."" https://t.co/‚Ä¶"
,RT @mmmaayyyaa: ugh miss you https://t.co/ogChIQKRbH
1149081954228170752,@RetadinRizien @DemocracyFight4 @BarackObama @USWNT What does that have to do with dignifying the office of the pre‚Ä¶ https://t.co/VPwHBMkSH8
1149021809557344256,@Flatron1364 @4thExplanition @BarackObama @USWNT Hahahhahahahhah.. they got plastered 5-2ü§£ü§£ü§£ü§£
,"RT @ColMorrisDavis: .@FoxNews is determined not to let @BarackObama (2009-2017) duck responsibility for the Iraq War in 2003, freeing the f‚Ä¶"
1148940273411661824,@BarackObama @USWNT https://t.co/rTWwyxN7Jh
1148946228887130112,@4thExplanition @BarackObama @USWNT He was an excellent president and the girls are amazing won the World Cup so th‚Ä¶ https://t.co/MEueGqxaRe
1148776296912216067,@ItsaJonesWorld @senatemajldr @BarackObama His point still stands Obama is still a descendant of slave owners. Moth‚Ä¶ https://t.co/1jUcR79hWf
,"RT @EKOtoons: @IGiant10 @TheAAGabriel @HillaryClinton @BarackObama @Comey CURRENTLY

https://t.co/aRnsZ8uXyY"
1148940273411661824,@BarackObama @USWNT Nice women‚Äôs jersey. Would look great on Michael
1149081440673550336,"@TrumpStudents @BarackObama @USWNT If this is your argument, you need to spend more time in class and less time on‚Ä¶ https://t.co/4YDFTT6hFv"
1148940273411661824,@BarackObama @USWNT Ok @realDonaldTrump where's yours?
,"If nothing is juicy in the news except @realDonaldTrump, @HARRISFAULKNER immediately goes to @HillaryClinton or‚Ä¶ https://t.co/8q7fDeH36A"
1149079473662451716,@MerielMyers @BarackObama @KathyBurke @USWNT @tomhanks @TheRock I'm taking your invite back!
,SO PURE https://t.co/8VO6Td2eqE
1149057001672101891,@leah_grubbs @Barnes_Chrissyy @DemocracyFight4 @BarackObama @USWNT Yeah...that why it's the worst.
1148940273411661824,@BarackObama @warkentin @USWNT You rocks sir... üòé
,RT @hannahkauthor: Mr. Masaaki Hiroi met @BarackObama when he was a community organizer in Chicago. @BarackObama showed Mr. Hiroi around th‚Ä¶
,‚ù§Ô∏èüá∫üá∏ https://t.co/p61Tnogg4F
1149082212727476230,"@eliminee jajaja, s√≥lo si es Rihanna"
,RT @saintvenchy: I might just become pregnant if Rihanna was to wink at me https://t.co/5cUVVzv88h
,"RT @sensestae: maior n√∫mero de semanas no #1 no Top Social 50

#1. Justin Bieber ‚Äî 163
#2. @BTS_twt ‚Äî 134
#3. Taylor Swift ‚Äî 28
#4. Rihanna‚Ä¶"
1149076633292292098,@FLODAKILOS but also stan Rihanna
1148972117683294213,@KatyCharts @taylorswift13 @Beyonce @katyperry @rihanna @BeyonceOnChart @FentyOnChart @TChartSwift Rich queensüò≠üíòüíòüíò
,RT @rihanna: ü§∑üèø‚Äç‚ôÄÔ∏è https://t.co/mftXXvvncB
,RT @dudaosuperpop: Todo mundo sabe que as duas seriam paraense e a beyonce ia ser do jurunas e amiga da Gaby e a rihanna ia morar na cidade‚Ä¶
,RT @pvtemorte2: Si Rihanna sort un son vendredi je jure d‚Äôapprendre les paroles le jour m√™me
,RT @hinadirah: look @ how rihanna tags all of the creatives on the shoot. take note! https://t.co/yLY8kQa372
,RT @CHANELGlRL: the way rihanna winked at her y'all just imagine https://t.co/wctUc178nK
,"RT @rihanna: #HarpersBazaarChina  
shot by the lovely @Chenmaner https://t.co/l9HtpW0woC"
,RT @nalaeanaiswhite: ‚ÄúI shouldn‚Äôt but...I‚Äôm standing next to RIHANNA I have to look...I‚Äôm gonna look...god she‚Äôs so pretty...ashkflsk she j‚Ä¶
,RT @explosoesnoceu: rihanna ap√≥s matar um homem https://t.co/OBqGmgNDQp
,"RT @fentyonthebrain: Falar de apropria√ß√£o cultural da Rihanna √© suic√≠dio viu mores, existe um abismo entre ser convidada a produzir conte√∫d‚Ä¶"
,RT @rihanna: #HarpersBazaarChina by @Chenmaner https://t.co/2dOUZWndV4
,"RT @B0tcx: RIHANNA FOR HARPER‚ÄôS BAZAAR, AUGUST 2019. https://t.co/07assb4S2X"
,RT @evilbart24: Rihanna makes music for girls that text you ‚ÄúI miss you‚Äù then ignore you all day https://t.co/r2vZBPRm08
,"RT @btsworIdwide: [BILLBOARD]
Artists with the most *consecutive* weeks at #1 on Top Social 50
1. @BTS_twt ‚Äì‚Äì 104* weeks
2. Justin Bieber ‚Äì‚Ä¶"
,"If Rihanna ever winked in my direction, I would faint."
,Queria colocar a Rihanna que existe em mim em a√ß√£o
,"RT @btsworIdwide: [BILLBOARD]
Most weeks at #1 on Top Social 50 Artists
#1. Justin Bieber ‚Äì‚Äì 163
#2. @BTS_twt ‚Äì‚Äì 134*
#3. Taylor Swift ‚Äì‚Äì 2‚Ä¶"
,"RT @SELENAF4NCY_: personas q apoyan a taylor: katy perry, miley cyrus, halsey, camila cabello, iggy azalea, rihanna, cara delevingne, etc
p‚Ä¶"
,"RT @kingdomofashes: El hecho de que haya puesto a personas desnudas SIN SU CONSENTIMIENTO y m√°s encima, a rihanna desnuda al lado de su abu‚Ä¶"
,rihanna ritarda a rilasciare l‚Äôalbum a influenza reggae perch√© l‚Äôha riascoltato e si √® resa conto che in confronto‚Ä¶ https://t.co/NfbrPTwdbe
,"RT @masoncatt: I'm a Beyhive sun, Little Monster moon, Rihanna Navy rising"
1149081857411207168,@I_MhmdFarah @7sn_faisal @JColeNC @rihanna ÿßŸà ÿßŸÑÿ≠ÿ®ÿ¥Ÿä ÿØÿß @theweeknd
,"Fenty beauty is the only makeup brand that has my exact shade, everything else looks ashy/orange on me. @rihanna thank you queenüôèüèæ"
,"RT @Tracy04114356: Most followed female artists in HISTORY on Spotify

#1. Rihanna: 32,6M
#2. Ariana Grande: 32M https://t.co/qSnoBmg41g"
,RT @xxxangely: Travis Scott x Rihanna https://t.co/beFDMXmuVZ
,"RT @FentyStats: .@Refinery29:‚ÄùRihanna's Harper's Bazaar cover isn't cultural appropriation,The shoot is the brainchild of the Vogue China t‚Ä¶"
,"RT @HoseokMexico: INFO
#Î∞©ÌÉÑÏÜåÎÖÑÎã® #Ï†úÏù¥Ìôâ #BTS #JHOPE 
Actos musicales mejor pagados, de acuerdo a  Forbes
1. Taylor Swift
2. Kanye West
3. Ed She‚Ä¶"
,Eu quero tirar esse momento pra enaltecer meu primo. Ele √© um homem t√£o incr√≠vel que posso dizer com convic√ß√£o que a rihanna nunca mataria
